{
	 "__metadata__": {
		 "format": "assimp2json"
		,"version": 100
	}
	,"rootnode": {
		 "name": "Letter_05_T.obj"
		,"transformation": [
			 1
			,0
			,0
			,0
			,0
			,1
			,0
			,0
			,0
			,0
			,1
			,0
			,0
			,0
			,0
			,1
		]
		,"children": [
			{
				 "name": "Letter_05_T_Curve.005"
				,"transformation": [
					 1
					,0
					,0
					,0
					,0
					,1
					,0
					,0
					,0
					,0
					,1
					,0
					,0
					,0
					,0
					,1
				]
				,"meshes": [
					 0
				]
			}
		]
	}
	,"flags": 8
	,"meshes": [
		{
			 "name": ""
			,"materialindex": 0
			,"primitivetypes": 4
			,"vertices": [
				 0.310451
				,0
				,-0.042043
				,0.310451
				,0
				,-0.042607
				,0.44592
				,0
				,-0.042607
				,0.44592
				,0
				,-0.042043
				,0.377903
				,0
				,-0.042043
				,0.310451
				,0
				,-0.042043
				,0.44592
				,0
				,-0.042043
				,0.377903
				,0
				,0.042325
				,0.377903
				,0
				,-0.042043
				,0.378468
				,0
				,-0.042043
				,0.378468
				,0
				,-0.042043
				,0.378468
				,0
				,0.042325
				,0.310451
				,0.01
				,-0.042043
				,0.44592
				,0.01
				,-0.042607
				,0.310451
				,0.01
				,-0.042607
				,0.44592
				,0.01
				,-0.042043
				,0.377903
				,0.01
				,-0.042043
				,0.44592
				,0.01
				,-0.042043
				,0.310451
				,0.01
				,-0.042043
				,0.377903
				,0.01
				,0.042325
				,0.378468
				,0.01
				,-0.042043
				,0.377903
				,0.01
				,-0.042043
				,0.378468
				,0.01
				,-0.042043
				,0.378468
				,0.01
				,0.042325
				,0.44592
				,0
				,-0.042043
				,0.44592
				,0
				,-0.042607
				,0.44592
				,0.01
				,-0.042607
				,0.44592
				,0.01
				,-0.042043
				,0.44592
				,0
				,-0.042607
				,0.310451
				,0
				,-0.042607
				,0.310451
				,0.01
				,-0.042607
				,0.44592
				,0.01
				,-0.042607
				,0.377903
				,0
				,0.042325
				,0.378468
				,0
				,0.042325
				,0.378468
				,0.01
				,0.042325
				,0.377903
				,0.01
				,0.042325
				,0.310451
				,0
				,-0.042607
				,0.310451
				,0
				,-0.042043
				,0.310451
				,0.01
				,-0.042043
				,0.310451
				,0.01
				,-0.042607
				,0.377903
				,0
				,-0.042043
				,0.377903
				,0
				,0.042325
				,0.377903
				,0.01
				,0.042325
				,0.377903
				,0.01
				,-0.042043
				,0.378468
				,0
				,0.042325
				,0.378468
				,0
				,-0.042043
				,0.378468
				,0.01
				,-0.042043
				,0.378468
				,0.01
				,0.042325
			]
			,"normals": [
				 0
				,-1
				,0
				,0
				,-1
				,0
				,0
				,-1
				,0
				,0
				,-1
				,0
				,0
				,0
				,1
				,0
				,0
				,1
				,0
				,0
				,1
				,0
				,-1
				,0
				,0
				,-1
				,0
				,0
				,-1
				,0
				,0
				,0
				,1
				,0
				,-1
				,0
				,0
				,1
				,0
				,0
				,1
				,0
				,0
				,1
				,0
				,0
				,1
				,0
				,0
				,0
				,1
				,0
				,0
				,1
				,0
				,0
				,1
				,0
				,1
				,0
				,0
				,1
				,0
				,0
				,1
				,0
				,0
				,0
				,1
				,0
				,1
				,0
				,1
				,0
				,0
				,1
				,0
				,0
				,1
				,0
				,0
				,1
				,0
				,0
				,0
				,0
				,-1
				,0
				,0
				,-1
				,0
				,0
				,-1
				,0
				,0
				,-1
				,0
				,0
				,1
				,0
				,0
				,1
				,0
				,0
				,1
				,0
				,0
				,1
				,-1
				,0
				,0
				,-1
				,0
				,0
				,-1
				,0
				,0
				,-1
				,0
				,0
				,-1
				,0
				,0
				,-1
				,0
				,0
				,-1
				,0
				,0
				,-1
				,0
				,0
				,1
				,0
				,0
				,1
				,0
				,0
				,1
				,0
				,0
				,1
				,0
				,0
			]
			,"faces": [
				[
					 0
					,1
					,2
				]
				,[
					 0
					,2
					,3
				]
				,[
					 4
					,5
					,6
				]
				,[
					 10
					,4
					,6
				]
				,[
					 5
					,4
					,16
				]
				,[
					 5
					,16
					,18
				]
				,[
					 16
					,17
					,18
				]
				,[
					 22
					,17
					,16
				]
				,[
					 10
					,6
					,17
				]
				,[
					 10
					,17
					,22
				]
				,[
					 7
					,8
					,9
				]
				,[
					 7
					,9
					,11
				]
				,[
					 12
					,13
					,14
				]
				,[
					 12
					,15
					,13
				]
				,[
					 19
					,20
					,21
				]
				,[
					 19
					,23
					,20
				]
				,[
					 24
					,25
					,26
				]
				,[
					 24
					,26
					,27
				]
				,[
					 28
					,29
					,30
				]
				,[
					 28
					,30
					,31
				]
				,[
					 32
					,33
					,34
				]
				,[
					 32
					,34
					,35
				]
				,[
					 36
					,37
					,38
				]
				,[
					 36
					,38
					,39
				]
				,[
					 40
					,41
					,42
				]
				,[
					 40
					,42
					,43
				]
				,[
					 44
					,45
					,46
				]
				,[
					 44
					,46
					,47
				]
			]
		}
	]
	,"materials": [
		{
			 "properties": [
				{
					 "key": "?mat.name"
					,"semantic": 0
					,"index": 0
					,"type": 3
					,"value": "DefaultMaterial"
				}
				,{
					 "key": "$mat.shadingm"
					,"semantic": 0
					,"index": 0
					,"type": 4
					,"value": 2
				}
				,{
					 "key": "$clr.ambient"
					,"semantic": 0
					,"index": 0
					,"type": 1
					,"value": [
						 0
						,0
						,0
					]
				}
				,{
					 "key": "$clr.diffuse"
					,"semantic": 0
					,"index": 0
					,"type": 1
					,"value": [
						 0.6
						,0.6
						,0.6
					]
				}
				,{
					 "key": "$clr.specular"
					,"semantic": 0
					,"index": 0
					,"type": 1
					,"value": [
						 0
						,0
						,0
					]
				}
				,{
					 "key": "$clr.emissive"
					,"semantic": 0
					,"index": 0
					,"type": 1
					,"value": [
						 0
						,0
						,0
					]
				}
				,{
					 "key": "$mat.shininess"
					,"semantic": 0
					,"index": 0
					,"type": 1
					,"value": 0
				}
				,{
					 "key": "$mat.opacity"
					,"semantic": 0
					,"index": 0
					,"type": 1
					,"value": 1
				}
				,{
					 "key": "$mat.refracti"
					,"semantic": 0
					,"index": 0
					,"type": 1
					,"value": 1
				}
			]
		}
	]
}
