{
	 "__metadata__": {
		 "format": "assimp2json"
		,"version": 100
	}
	,"rootnode": {
		 "name": "Letter_02_E.obj"
		,"transformation": [
			 1
			,0
			,0
			,0
			,0
			,1
			,0
			,0
			,0
			,0
			,1
			,0
			,0
			,0
			,0
			,1
		]
		,"children": [
			{
				 "name": "Letter_02_E_Curve.002"
				,"transformation": [
					 1
					,0
					,0
					,0
					,0
					,1
					,0
					,0
					,0
					,0
					,1
					,0
					,0
					,0
					,0
					,1
				]
				,"meshes": [
					 0
				]
			}
		]
	}
	,"flags": 8
	,"meshes": [
		{
			 "name": ""
			,"materialindex": 0
			,"primitivetypes": 4
			,"vertices": [
				 -0.256827
				,0
				,-0.042043
				,-0.256827
				,0
				,-0.042607
				,-0.121358
				,0
				,-0.042607
				,-0.121358
				,0
				,-0.042043
				,-0.256827
				,0
				,-0.02088
				,-0.256827
				,0
				,-0.021445
				,-0.121358
				,0
				,-0.021445
				,-0.121358
				,0
				,-0.02088
				,-0.256827
				,0
				,0.042607
				,-0.256827
				,0
				,0.042043
				,-0.121358
				,0
				,0.042043
				,-0.121358
				,0
				,0.042607
				,-0.256827
				,0.01
				,-0.042043
				,-0.121358
				,0.01
				,-0.042607
				,-0.256827
				,0.01
				,-0.042607
				,-0.121358
				,0.01
				,-0.042043
				,-0.256827
				,0.01
				,-0.02088
				,-0.121358
				,0.01
				,-0.021445
				,-0.256827
				,0.01
				,-0.021445
				,-0.121358
				,0.01
				,-0.02088
				,-0.256827
				,0.01
				,0.042607
				,-0.121358
				,0.01
				,0.042043
				,-0.256827
				,0.01
				,0.042043
				,-0.121358
				,0.01
				,0.042607
				,-0.256827
				,0
				,0.042607
				,-0.121358
				,0
				,0.042607
				,-0.121358
				,0.01
				,0.042607
				,-0.256827
				,0.01
				,0.042607
				,-0.256827
				,0
				,-0.042043
				,-0.121358
				,0
				,-0.042043
				,-0.121358
				,0.01
				,-0.042043
				,-0.256827
				,0.01
				,-0.042043
				,-0.256827
				,0
				,0.042043
				,-0.256827
				,0
				,0.042607
				,-0.256827
				,0.01
				,0.042607
				,-0.256827
				,0.01
				,0.042043
				,-0.256827
				,0
				,-0.042607
				,-0.256827
				,0
				,-0.042043
				,-0.256827
				,0.01
				,-0.042043
				,-0.256827
				,0.01
				,-0.042607
				,-0.121358
				,0
				,-0.021445
				,-0.256827
				,0
				,-0.021445
				,-0.256827
				,0.01
				,-0.021445
				,-0.121358
				,0.01
				,-0.021445
				,-0.121358
				,0
				,0.042607
				,-0.121358
				,0
				,0.042043
				,-0.121358
				,0.01
				,0.042043
				,-0.121358
				,0.01
				,0.042607
				,-0.121358
				,0
				,-0.042043
				,-0.121358
				,0
				,-0.042607
				,-0.121358
				,0.01
				,-0.042607
				,-0.121358
				,0.01
				,-0.042043
				,-0.256827
				,0
				,-0.02088
				,-0.121358
				,0
				,-0.02088
				,-0.121358
				,0.01
				,-0.02088
				,-0.256827
				,0.01
				,-0.02088
				,-0.256827
				,0
				,-0.021445
				,-0.256827
				,0
				,-0.02088
				,-0.256827
				,0.01
				,-0.02088
				,-0.256827
				,0.01
				,-0.021445
				,-0.121358
				,0
				,0.042043
				,-0.256827
				,0
				,0.042043
				,-0.256827
				,0.01
				,0.042043
				,-0.121358
				,0.01
				,0.042043
				,-0.121358
				,0
				,-0.042607
				,-0.256827
				,0
				,-0.042607
				,-0.256827
				,0.01
				,-0.042607
				,-0.121358
				,0.01
				,-0.042607
				,-0.121358
				,0
				,-0.02088
				,-0.121358
				,0
				,-0.021445
				,-0.121358
				,0.01
				,-0.021445
				,-0.121358
				,0.01
				,-0.02088
			]
			,"normals": [
				 0
				,-1
				,0
				,0
				,-1
				,0
				,0
				,-1
				,0
				,0
				,-1
				,0
				,0
				,-1
				,0
				,0
				,-1
				,0
				,0
				,-1
				,0
				,0
				,-1
				,0
				,0
				,-1
				,0
				,0
				,-1
				,0
				,0
				,-1
				,0
				,0
				,-1
				,0
				,0
				,1
				,0
				,0
				,1
				,0
				,0
				,1
				,0
				,0
				,1
				,0
				,0
				,1
				,0
				,0
				,1
				,0
				,0
				,1
				,0
				,0
				,1
				,0
				,0
				,1
				,0
				,0
				,1
				,0
				,0
				,1
				,0
				,0
				,1
				,0
				,0
				,0
				,1
				,0
				,0
				,1
				,0
				,0
				,1
				,0
				,0
				,1
				,0
				,0
				,1
				,0
				,0
				,1
				,0
				,0
				,1
				,0
				,0
				,1
				,-1
				,0
				,0
				,-1
				,0
				,0
				,-1
				,0
				,0
				,-1
				,0
				,0
				,-1
				,0
				,0
				,-1
				,0
				,0
				,-1
				,0
				,0
				,-1
				,0
				,0
				,0
				,0
				,-1
				,0
				,0
				,-1
				,0
				,0
				,-1
				,0
				,0
				,-1
				,1
				,0
				,0
				,1
				,0
				,0
				,1
				,0
				,0
				,1
				,0
				,0
				,1
				,0
				,0
				,1
				,0
				,0
				,1
				,0
				,0
				,1
				,0
				,0
				,0
				,0
				,1
				,0
				,0
				,1
				,0
				,0
				,1
				,0
				,0
				,1
				,-1
				,0
				,0
				,-1
				,0
				,0
				,-1
				,0
				,0
				,-1
				,0
				,0
				,0
				,0
				,-1
				,0
				,0
				,-1
				,0
				,0
				,-1
				,0
				,0
				,-1
				,0
				,0
				,-1
				,0
				,0
				,-1
				,0
				,0
				,-1
				,0
				,0
				,-1
				,1
				,0
				,0
				,1
				,0
				,0
				,1
				,0
				,0
				,1
				,0
				,0
			]
			,"faces": [
				[
					 0
					,1
					,2
				]
				,[
					 0
					,2
					,3
				]
				,[
					 4
					,5
					,6
				]
				,[
					 4
					,6
					,7
				]
				,[
					 8
					,9
					,10
				]
				,[
					 8
					,10
					,11
				]
				,[
					 12
					,13
					,14
				]
				,[
					 12
					,15
					,13
				]
				,[
					 16
					,17
					,18
				]
				,[
					 16
					,19
					,17
				]
				,[
					 20
					,21
					,22
				]
				,[
					 20
					,23
					,21
				]
				,[
					 24
					,25
					,26
				]
				,[
					 24
					,26
					,27
				]
				,[
					 28
					,29
					,30
				]
				,[
					 28
					,30
					,31
				]
				,[
					 32
					,33
					,34
				]
				,[
					 32
					,34
					,35
				]
				,[
					 36
					,37
					,38
				]
				,[
					 36
					,38
					,39
				]
				,[
					 40
					,41
					,42
				]
				,[
					 40
					,42
					,43
				]
				,[
					 44
					,45
					,46
				]
				,[
					 44
					,46
					,47
				]
				,[
					 48
					,49
					,50
				]
				,[
					 48
					,50
					,51
				]
				,[
					 52
					,53
					,54
				]
				,[
					 52
					,54
					,55
				]
				,[
					 56
					,57
					,58
				]
				,[
					 56
					,58
					,59
				]
				,[
					 60
					,61
					,62
				]
				,[
					 60
					,62
					,63
				]
				,[
					 64
					,65
					,66
				]
				,[
					 64
					,66
					,67
				]
				,[
					 68
					,69
					,70
				]
				,[
					 68
					,70
					,71
				]
			]
		}
	]
	,"materials": [
		{
			 "properties": [
				{
					 "key": "?mat.name"
					,"semantic": 0
					,"index": 0
					,"type": 3
					,"value": "DefaultMaterial"
				}
				,{
					 "key": "$mat.shadingm"
					,"semantic": 0
					,"index": 0
					,"type": 4
					,"value": 2
				}
				,{
					 "key": "$clr.ambient"
					,"semantic": 0
					,"index": 0
					,"type": 1
					,"value": [
						 0
						,0
						,0
					]
				}
				,{
					 "key": "$clr.diffuse"
					,"semantic": 0
					,"index": 0
					,"type": 1
					,"value": [
						 0.6
						,0.6
						,0.6
					]
				}
				,{
					 "key": "$clr.specular"
					,"semantic": 0
					,"index": 0
					,"type": 1
					,"value": [
						 0
						,0
						,0
					]
				}
				,{
					 "key": "$clr.emissive"
					,"semantic": 0
					,"index": 0
					,"type": 1
					,"value": [
						 0
						,0
						,0
					]
				}
				,{
					 "key": "$mat.shininess"
					,"semantic": 0
					,"index": 0
					,"type": 1
					,"value": 0
				}
				,{
					 "key": "$mat.opacity"
					,"semantic": 0
					,"index": 0
					,"type": 1
					,"value": 1
				}
				,{
					 "key": "$mat.refracti"
					,"semantic": 0
					,"index": 0
					,"type": 1
					,"value": 1
				}
			]
		}
	]
}
