{
	 "__metadata__": {
		 "format": "assimp2json"
		,"version": 100
	}
	,"rootnode": {
		 "name": "Letter_01_Z.obj"
		,"transformation": [
			 1
			,0
			,0
			,0
			,0
			,1
			,0
			,0
			,0
			,0
			,1
			,0
			,0
			,0
			,0
			,1
		]
		,"children": [
			{
				 "name": "Letter_01_Z_Curve.006"
				,"transformation": [
					 1
					,0
					,0
					,0
					,0
					,1
					,0
					,0
					,0
					,0
					,1
					,0
					,0
					,0
					,0
					,1
				]
				,"meshes": [
					 0
				]
			}
		]
	}
	,"flags": 8
	,"meshes": [
		{
			 "name": ""
			,"materialindex": 0
			,"primitivetypes": 4
			,"vertices": [
				 -0.44592
				,0
				,-0.042043
				,-0.44592
				,0
				,-0.042607
				,-0.309463
				,0
				,-0.042607
				,-0.311439
				,0
				,-0.042043
				,-0.444932
				,0
				,0.042043
				,-0.446061
				,0
				,0.0421
				,-0.310451
				,0
				,0.042043
				,-0.310451
				,0
				,0.042607
				,-0.446908
				,0
				,0.042607
				,-0.44592
				,0.01
				,-0.042043
				,-0.309463
				,0.01
				,-0.042607
				,-0.44592
				,0.01
				,-0.042607
				,-0.311439
				,0.01
				,-0.042043
				,-0.444932
				,0.01
				,0.042043
				,-0.446061
				,0.01
				,0.0421
				,-0.310451
				,0.01
				,0.042043
				,-0.310451
				,0.01
				,0.042607
				,-0.446908
				,0.01
				,0.042607
				,-0.444932
				,0
				,0.042043
				,-0.309463
				,0
				,-0.042607
				,-0.309463
				,0.01
				,-0.042607
				,-0.444932
				,0.01
				,0.042043
				,-0.446061
				,0
				,0.0421
				,-0.446908
				,0
				,0.042607
				,-0.446908
				,0.01
				,0.042607
				,-0.446061
				,0.01
				,0.0421
				,-0.44592
				,0
				,-0.042043
				,-0.311439
				,0
				,-0.042043
				,-0.311439
				,0.01
				,-0.042043
				,-0.44592
				,0.01
				,-0.042043
				,-0.310451
				,0
				,0.042043
				,-0.444932
				,0
				,0.042043
				,-0.444932
				,0.01
				,0.042043
				,-0.310451
				,0.01
				,0.042043
				,-0.44592
				,0
				,-0.042607
				,-0.44592
				,0
				,-0.042043
				,-0.44592
				,0.01
				,-0.042043
				,-0.44592
				,0.01
				,-0.042607
				,-0.311439
				,0
				,-0.042043
				,-0.446061
				,0
				,0.0421
				,-0.446061
				,0.01
				,0.0421
				,-0.311439
				,0.01
				,-0.042043
				,-0.446908
				,0
				,0.042607
				,-0.310451
				,0
				,0.042607
				,-0.310451
				,0.01
				,0.042607
				,-0.446908
				,0.01
				,0.042607
				,-0.310451
				,0
				,0.042607
				,-0.310451
				,0
				,0.042043
				,-0.310451
				,0.01
				,0.042043
				,-0.310451
				,0.01
				,0.042607
				,-0.309463
				,0
				,-0.042607
				,-0.44592
				,0
				,-0.042607
				,-0.44592
				,0.01
				,-0.042607
				,-0.309463
				,0.01
				,-0.042607
			]
			,"normals": [
				 0
				,-1
				,0
				,0
				,-1
				,0
				,0
				,-1
				,0
				,0
				,-1
				,0
				,0
				,-1
				,0
				,0
				,-1
				,0
				,0
				,-1
				,0
				,0
				,-1
				,0
				,0
				,-1
				,0
				,0
				,1
				,0
				,0
				,1
				,0
				,0
				,1
				,0
				,0
				,1
				,0
				,0
				,1
				,0
				,0
				,1
				,0
				,0
				,1
				,0
				,0
				,1
				,0
				,0
				,1
				,0
				,0.5299
				,0
				,0.848
				,0.5299
				,0
				,0.848
				,0.5299
				,0
				,0.848
				,0.5299
				,0
				,0.848
				,-0.5144
				,0
				,-0.8575
				,-0.5144
				,0
				,-0.8575
				,-0.5144
				,0
				,-0.8575
				,-0.5144
				,0
				,-0.8575
				,0
				,0
				,1
				,0
				,0
				,1
				,0
				,0
				,1
				,0
				,0
				,1
				,0
				,0
				,-1
				,0
				,0
				,-1
				,0
				,0
				,-1
				,0
				,0
				,-1
				,-1
				,0
				,0
				,-1
				,0
				,0
				,-1
				,0
				,0
				,-1
				,0
				,0
				,-0.53
				,0
				,-0.848
				,-0.53
				,0
				,-0.848
				,-0.53
				,0
				,-0.848
				,-0.53
				,0
				,-0.848
				,0
				,0
				,1
				,0
				,0
				,1
				,0
				,0
				,1
				,0
				,0
				,1
				,1
				,0
				,0
				,1
				,0
				,0
				,1
				,0
				,0
				,1
				,0
				,0
				,0
				,0
				,-1
				,0
				,0
				,-1
				,0
				,0
				,-1
				,0
				,0
				,-1
			]
			,"faces": [
				[
					 0
					,1
					,2
				]
				,[
					 0
					,2
					,3
				]
				,[
					 3
					,2
					,4
				]
				,[
					 5
					,3
					,4
				]
				,[
					 5
					,4
					,6
				]
				,[
					 5
					,6
					,7
				]
				,[
					 8
					,5
					,7
				]
				,[
					 9
					,10
					,11
				]
				,[
					 9
					,12
					,10
				]
				,[
					 12
					,13
					,10
				]
				,[
					 14
					,13
					,12
				]
				,[
					 14
					,15
					,13
				]
				,[
					 14
					,16
					,15
				]
				,[
					 17
					,16
					,14
				]
				,[
					 18
					,19
					,20
				]
				,[
					 18
					,20
					,21
				]
				,[
					 22
					,23
					,24
				]
				,[
					 22
					,24
					,25
				]
				,[
					 26
					,27
					,28
				]
				,[
					 26
					,28
					,29
				]
				,[
					 30
					,31
					,32
				]
				,[
					 30
					,32
					,33
				]
				,[
					 34
					,35
					,36
				]
				,[
					 34
					,36
					,37
				]
				,[
					 38
					,39
					,40
				]
				,[
					 38
					,40
					,41
				]
				,[
					 42
					,43
					,44
				]
				,[
					 42
					,44
					,45
				]
				,[
					 46
					,47
					,48
				]
				,[
					 46
					,48
					,49
				]
				,[
					 50
					,51
					,52
				]
				,[
					 50
					,52
					,53
				]
			]
		}
	]
	,"materials": [
		{
			 "properties": [
				{
					 "key": "?mat.name"
					,"semantic": 0
					,"index": 0
					,"type": 3
					,"value": "DefaultMaterial"
				}
				,{
					 "key": "$mat.shadingm"
					,"semantic": 0
					,"index": 0
					,"type": 4
					,"value": 2
				}
				,{
					 "key": "$clr.ambient"
					,"semantic": 0
					,"index": 0
					,"type": 1
					,"value": [
						 0
						,0
						,0
					]
				}
				,{
					 "key": "$clr.diffuse"
					,"semantic": 0
					,"index": 0
					,"type": 1
					,"value": [
						 0.6
						,0.6
						,0.6
					]
				}
				,{
					 "key": "$clr.specular"
					,"semantic": 0
					,"index": 0
					,"type": 1
					,"value": [
						 0
						,0
						,0
					]
				}
				,{
					 "key": "$clr.emissive"
					,"semantic": 0
					,"index": 0
					,"type": 1
					,"value": [
						 0
						,0
						,0
					]
				}
				,{
					 "key": "$mat.shininess"
					,"semantic": 0
					,"index": 0
					,"type": 1
					,"value": 0
				}
				,{
					 "key": "$mat.opacity"
					,"semantic": 0
					,"index": 0
					,"type": 1
					,"value": 1
				}
				,{
					 "key": "$mat.refracti"
					,"semantic": 0
					,"index": 0
					,"type": 1
					,"value": 1
				}
			]
		}
	]
}
