{
	 "__metadata__": {
		 "format": "assimp2json"
		,"version": 100
	}
	,"rootnode": {
		 "name": "Letter_03_N.obj"
		,"transformation": [
			 1
			,0
			,0
			,0
			,0
			,1
			,0
			,0
			,0
			,0
			,1
			,0
			,0
			,0
			,0
			,1
		]
		,"children": [
			{
				 "name": "Letter_03_N_Curve.001"
				,"transformation": [
					 1
					,0
					,0
					,0
					,0
					,1
					,0
					,0
					,0
					,0
					,1
					,0
					,0
					,0
					,0
					,1
				]
				,"meshes": [
					 0
				]
			}
		]
	}
	,"flags": 8
	,"meshes": [
		{
			 "name": ""
			,"materialindex": 0
			,"primitivetypes": 4
			,"vertices": [
				 -0.068017
				,0
				,0.042325
				,-0.068017
				,0
				,-0.042833
				,-0.067452
				,0
				,-0.041817
				,0.067452
				,0
				,0.041817
				,0.067452
				,0
				,-0.042325
				,0.068017
				,0
				,-0.042325
				,0.068017
				,0
				,0.042833
				,-0.067452
				,0
				,0.042325
				,0.067594
				,0
				,0.042551
				,-0.067452
				,0
				,0.042325
				,-0.067452
				,0
				,-0.041817
				,-0.067452
				,0.01
				,-0.041817
				,-0.067452
				,0.01
				,0.042325
				,0.067452
				,0
				,0.041817
				,-0.068017
				,0
				,-0.042833
				,-0.068017
				,0.01
				,-0.042833
				,0.067452
				,0.01
				,0.041817
				,0.067594
				,0
				,0.042551
				,0.068017
				,0
				,0.042833
				,0.068017
				,0.01
				,0.042833
				,0.067594
				,0.01
				,0.042551
				,0.068017
				,0
				,-0.042325
				,0.067452
				,0
				,-0.042325
				,0.067452
				,0.01
				,-0.042325
				,0.068017
				,0.01
				,-0.042325
				,-0.068017
				,0
				,-0.042833
				,-0.068017
				,0
				,0.042325
				,-0.068017
				,0.01
				,0.042325
				,-0.068017
				,0.01
				,-0.042833
				,-0.068017
				,0
				,0.042325
				,-0.067452
				,0
				,0.042325
				,-0.067452
				,0.01
				,0.042325
				,-0.068017
				,0.01
				,0.042325
				,-0.068017
				,0
				,-0.042833
				,-0.068017
				,0.01
				,-0.042833
				,0.068017
				,0
				,-0.042325
				,0.067452
				,0
				,-0.042325
				,0.067594
				,0
				,0.042551
				,0.068017
				,0
				,0.042833
				,0.067452
				,0
				,0.041817
				,-0.067452
				,0
				,-0.041817
				,-0.068017
				,0.01
				,0.042325
				,-0.067452
				,0.01
				,-0.041817
				,-0.068017
				,0.01
				,-0.042833
				,0.067452
				,0.01
				,0.041817
				,0.068017
				,0.01
				,-0.042325
				,0.067452
				,0.01
				,-0.042325
				,0.068017
				,0.01
				,0.042833
				,-0.067452
				,0.01
				,0.042325
				,0.067594
				,0.01
				,0.042551
				,0.068017
				,0.01
				,0.042833
				,0.067452
				,0
				,-0.042325
				,0.067452
				,0
				,0.041817
				,0.067452
				,0.01
				,0.041817
				,0.067452
				,0.01
				,-0.042325
				,-0.067452
				,0
				,-0.041817
				,0.067594
				,0
				,0.042551
				,0.067594
				,0.01
				,0.042551
				,-0.067452
				,0.01
				,-0.041817
				,0.068017
				,0
				,0.042833
				,0.068017
				,0
				,-0.042325
				,0.068017
				,0.01
				,-0.042325
				,0.068017
				,0.01
				,0.042833
			]
			,"normals": [
				 0
				,-1
				,0
				,0
				,-1
				,0
				,0
				,-1
				,0
				,0
				,-1
				,0
				,0
				,-1
				,0
				,0
				,-1
				,0
				,0
				,-1
				,0
				,0
				,-1
				,0
				,0
				,-1
				,0
				,1
				,0
				,0
				,1
				,0
				,0
				,1
				,0
				,0
				,1
				,0
				,0
				,0.5299
				,0
				,-0.848
				,0.5299
				,0
				,-0.848
				,0.5299
				,0
				,-0.848
				,0.5299
				,0
				,-0.848
				,-0.5546
				,0
				,0.8321
				,-0.5546
				,0
				,0.8321
				,-0.5546
				,0
				,0.8321
				,-0.5546
				,0
				,0.8321
				,0
				,0
				,-1
				,0
				,0
				,-1
				,0
				,0
				,-1
				,0
				,0
				,-1
				,-1
				,0
				,0
				,-1
				,0
				,0
				,-1
				,0
				,0
				,-1
				,0
				,0
				,0
				,0
				,1
				,0
				,0
				,1
				,0
				,0
				,1
				,0
				,0
				,1
				,0
				,0
				,1
				,0
				,0
				,1
				,0
				,0
				,1
				,0
				,0
				,1
				,0
				,0
				,1
				,0
				,0
				,1
				,0
				,0
				,1
				,0
				,0
				,1
				,0
				,1
				,0
				,0
				,1
				,0
				,0
				,1
				,0
				,0
				,1
				,0
				,0
				,1
				,0
				,0
				,1
				,0
				,0
				,1
				,0
				,0
				,1
				,0
				,0
				,1
				,0
				,0
				,0
				,1
				,-1
				,0
				,0
				,-1
				,0
				,0
				,-1
				,0
				,0
				,-1
				,0
				,0
				,-0.5298
				,0
				,0.8481
				,-0.5298
				,0
				,0.8481
				,-0.5298
				,0
				,0.8481
				,-0.5298
				,0
				,0.8481
				,1
				,0
				,0
				,1
				,0
				,0
				,1
				,0
				,0
				,1
				,0
				,0
			]
			,"faces": [
				[
					 0
					,1
					,2
				]
				,[
					 0
					,2
					,7
				]
				,[
					 2
					,1
					,3
				]
				,[
					 8
					,2
					,3
				]
				,[
					 3
					,4
					,5
				]
				,[
					 3
					,5
					,6
				]
				,[
					 8
					,3
					,6
				]
				,[
					 9
					,10
					,11
				]
				,[
					 9
					,11
					,12
				]
				,[
					 13
					,14
					,15
				]
				,[
					 13
					,15
					,16
				]
				,[
					 17
					,18
					,19
				]
				,[
					 17
					,19
					,20
				]
				,[
					 21
					,22
					,23
				]
				,[
					 21
					,23
					,24
				]
				,[
					 25
					,26
					,27
				]
				,[
					 25
					,27
					,28
				]
				,[
					 29
					,30
					,31
				]
				,[
					 29
					,31
					,32
				]
				,[
					 41
					,42
					,43
				]
				,[
					 41
					,48
					,42
				]
				,[
					 42
					,44
					,43
				]
				,[
					 49
					,44
					,42
				]
				,[
					 44
					,45
					,46
				]
				,[
					 44
					,47
					,45
				]
				,[
					 49
					,47
					,44
				]
				,[
					 51
					,52
					,53
				]
				,[
					 51
					,53
					,54
				]
				,[
					 55
					,56
					,57
				]
				,[
					 55
					,57
					,58
				]
				,[
					 59
					,60
					,61
				]
				,[
					 59
					,61
					,62
				]
			]
		}
	]
	,"materials": [
		{
			 "properties": [
				{
					 "key": "?mat.name"
					,"semantic": 0
					,"index": 0
					,"type": 3
					,"value": "DefaultMaterial"
				}
				,{
					 "key": "$mat.shadingm"
					,"semantic": 0
					,"index": 0
					,"type": 4
					,"value": 2
				}
				,{
					 "key": "$clr.ambient"
					,"semantic": 0
					,"index": 0
					,"type": 1
					,"value": [
						 0
						,0
						,0
					]
				}
				,{
					 "key": "$clr.diffuse"
					,"semantic": 0
					,"index": 0
					,"type": 1
					,"value": [
						 0.6
						,0.6
						,0.6
					]
				}
				,{
					 "key": "$clr.specular"
					,"semantic": 0
					,"index": 0
					,"type": 1
					,"value": [
						 0
						,0
						,0
					]
				}
				,{
					 "key": "$clr.emissive"
					,"semantic": 0
					,"index": 0
					,"type": 1
					,"value": [
						 0
						,0
						,0
					]
				}
				,{
					 "key": "$mat.shininess"
					,"semantic": 0
					,"index": 0
					,"type": 1
					,"value": 0
				}
				,{
					 "key": "$mat.opacity"
					,"semantic": 0
					,"index": 0
					,"type": 1
					,"value": 1
				}
				,{
					 "key": "$mat.refracti"
					,"semantic": 0
					,"index": 0
					,"type": 1
					,"value": 1
				}
			]
		}
	]
}
